{
  "clusters": [
    {
      "centroid": [
        0.10000000149011612,
        0.05000000074505806,
        0.800000011920929,
        0.0,
        0.0,
        0.0,
        0.0,
        0.0,
        0.0,
        0.30000001192092896,
        0.30000001192092896,
        0.0,
        0.0,
        0.0,
        0.20000000298023224,
        0.0,
        0.0,
        0.0,
        0.0,
        0.0,
        0.0,
        0.0,
        0.0,
        0.0,
        0.0,
        0.0,
        0.20000000298023224,
        0.949999988079071,
        0.0,
        0.0,
        0.0,
        0.0
      ],
      "cluster_id": 0,
      "label": "linear-edit-flow",
      "n_members": 20,
      "notes": "Read \u2192 Edit \u2192 Grep, high cache, low signals",
      "success_ratio": 0.95
    },
    {
      "centroid": [
        0.10000000149011612,
        0.10000000149011612,
        0.4000000059604645,
        0.0,
        0.0,
        0.0,
        0.0,
        0.0,
        0.0,
        0.25,
        0.0,
        0.0,
        0.0,
        0.0,
        0.30000001192092896,
        0.25,
        0.0,
        0.0,
        0.0,
        0.0,
        0.0,
        0.0,
        0.0,
        0.0,
        0.0,
        0.0,
        0.30000001192092896,
        0.8999999761581421,
        0.0,
        0.0,
        0.0,
        0.0
      ],
      "cluster_id": 1,
      "label": "exploratory-search",
      "n_members": 15,
      "notes": "Read/Grep/Glob heavy, mid cache, high tool diversity",
      "success_ratio": 0.92
    },
    {
      "centroid": [
        0.4000000059604645,
        0.30000001192092896,
        0.30000001192092896,
        0.30000001192092896,
        0.20000000298023224,
        0.0,
        0.4000000059604645,
        0.4000000059604645,
        0.0,
        0.0,
        0.30000001192092896,
        0.0,
        0.0,
        0.4000000059604645,
        0.0,
        0.0,
        0.0,
        0.0,
        0.0,
        0.0,
        0.0,
        0.0,
        0.0,
        0.0,
        0.0,
        0.0,
        0.15000000596046448,
        0.30000001192092896,
        0.0,
        0.0,
        0.0,
        0.0
      ],
      "cluster_id": 2,
      "label": "debug-error-spiral",
      "n_members": 10,
      "notes": "High error_rate + backtracks, Bash dominant",
      "success_ratio": 0.3
    },
    {
      "centroid": [
        0.800000011920929,
        0.699999988079071,
        0.20000000298023224,
        0.800000011920929,
        0.0,
        0.0,
        0.0,
        0.0,
        0.800000011920929,
        0.30000001192092896,
        0.20000000298023224,
        0.0,
        0.0,
        0.20000000298023224,
        0.0,
        0.0,
        0.0,
        0.0,
        0.0,
        0.0,
        0.0,
        0.0,
        0.0,
        0.0,
        0.0,
        0.0,
        0.20000000298023224,
        0.699999988079071,
        0.0,
        0.0,
        0.0,
        0.0
      ],
      "cluster_id": 3,
      "label": "context-saturated",
      "n_members": 8,
      "notes": "Cache hit rate collapsed, high token velocity",
      "success_ratio": 0.65
    },
    {
      "centroid": [
        0.30000001192092896,
        0.20000000298023224,
        0.5,
        0.0,
        0.0,
        0.5,
        0.0,
        0.0,
        0.0,
        0.0,
        0.0,
        0.0,
        0.0,
        0.4000000059604645,
        0.30000001192092896,
        0.0,
        0.0,
        0.0,
        0.0,
        0.0,
        0.0,
        0.0,
        0.0,
        0.0,
        0.0,
        0.0,
        0.10000000149011612,
        0.8500000238418579,
        0.0,
        0.0,
        0.0,
        0.0
      ],
      "cluster_id": 4,
      "label": "redundant-loop",
      "n_members": 8,
      "notes": "Same tool repeated, low diversity",
      "success_ratio": 0.85
    },
    {
      "centroid": [
        0.20000000298023224,
        0.10000000149011612,
        0.699999988079071,
        0.0,
        0.0,
        0.0,
        0.0,
        0.0,
        0.0,
        0.20000000298023224,
        0.20000000298023224,
        0.0,
        0.0,
        0.4000000059604645,
        0.0,
        0.0,
        0.0,
        0.0,
        0.0,
        0.0,
        0.0,
        0.0,
        0.0,
        0.0,
        0.0,
        0.0,
        0.20000000298023224,
        0.8500000238418579,
        0.0,
        0.0,
        0.0,
        0.0
      ],
      "cluster_id": 5,
      "label": "test-cycle",
      "n_members": 12,
      "notes": "Bash pytest dominant, occasional Edit",
      "success_ratio": 0.85
    },
    {
      "centroid": [
        0.05000000074505806,
        0.019999999552965164,
        0.05000000074505806,
        0.0,
        0.0,
        0.0,
        0.0,
        0.0,
        0.0,
        0.4000000059604645,
        0.0,
        0.0,
        0.0,
        0.0,
        0.0,
        0.20000000298023224,
        0.0,
        0.0,
        0.0,
        0.0,
        0.0,
        0.0,
        0.0,
        0.0,
        0.0,
        0.0,
        0.15000000596046448,
        0.9800000190734863,
        0.0,
        0.0,
        0.0,
        0.0
      ],
      "cluster_id": 6,
      "label": "init-cold",
      "n_members": 10,
      "notes": "Session start, cache empty, mostly Reads",
      "success_ratio": 0.95
    },
    {
      "centroid": [
        0.20000000298023224,
        0.15000000596046448,
        0.5,
        0.0,
        0.0,
        0.0,
        0.0,
        0.0,
        0.0,
        0.25,
        0.20000000298023224,
        0.0,
        0.0,
        0.20000000298023224,
        0.0,
        0.0,
        0.0,
        0.0,
        0.0,
        0.0,
        0.0,
        0.0,
        0.0,
        0.0,
        0.0,
        0.0,
        0.25,
        0.8500000238418579,
        0.0,
        0.0,
        0.0,
        0.0
      ],
      "cluster_id": 7,
      "label": "general-default",
      "n_members": 17,
      "notes": "Mid-range pattern, no extremes",
      "success_ratio": 0.85
    }
  ],
  "embedding_dim": 32,
  "extracted_at_ns": 0,
  "extracted_from": "synthetic-default",
  "n_burnin_trajectories": 100,
  "notes": "Synthetic 8-cluster catalog. Replace with extract_catalog_from_sessions() once your audit + transcript pairs cover \u2265 50 sessions.",
  "version": 1
}